INSERT INTO USER (id, email)
VALUES (1, 'Joleen.Tristram@gmail.com');

INSERT INTO USER_DATA (id,  id_user, name, lastname)
VALUES (1,1, 'Joleen', 'Tristram');

INSERT INTO USER (id, email)
VALUES (2, 'Gusty.Sancho@gmail.com');

INSERT INTO USER_DATA (id,  id_user, name, lastname)
VALUES (2,2, 'Gusty', 'Sancho');

INSERT INTO USER (id, email)
VALUES (3, 'Marita.Burch@gmail.com');

INSERT INTO USER_DATA (id,  id_user, name, lastname)
VALUES (3,3, 'Marita', 'Burch');

INSERT INTO USER (id, email)
VALUES (4, 'Charmaine.Brady@gmail.com');

INSERT INTO USER_DATA (id,  id_user, name, lastname)
VALUES (4,4, 'Charmaine', 'Brady');

INSERT INTO USER (id, email)
VALUES (5, 'Gwenneth.Uund@gmail.com');

INSERT INTO USER_DATA (id,  id_user, name, lastname)
VALUES (5,5, 'Gwenneth', 'Uund');

INSERT INTO USER (id, email)
VALUES (6, 'Grier.Felecia@gmail.com');

INSERT INTO USER_DATA (id,  id_user, name, lastname)
VALUES (6,6, 'Grier', 'Felecia');

INSERT INTO USER (id, email)
VALUES (7, 'Concettina.Noman@gmail.com');

INSERT INTO USER_DATA (id,  id_user, name, lastname)
VALUES (7,7, 'Concettina', 'Noman');

INSERT INTO USER (id, email)
VALUES (8, 'Ursulina.Dash@gmail.com');

INSERT INTO USER_DATA (id,  id_user, name, lastname)
VALUES (8,8, 'Ursulina', 'Dash');

INSERT INTO USER (id, email)
VALUES (9, 'Kalina.Bari@gmail.com');

INSERT INTO USER_DATA (id,  id_user, name, lastname)
VALUES (9,9, 'Kalina', 'Bari');

INSERT INTO USER (id, email)
VALUES (10, 'Dagmar.Bultman@gmail.com');

INSERT INTO USER_DATA (id,  id_user, name, lastname)
VALUES (10,10, 'Dagmar', 'Bultman');

INSERT INTO USER (id, email)
VALUES (11, 'Juliane.Lauraine@gmail.com');

INSERT INTO USER_DATA (id,  id_user, name, lastname)
VALUES (11,11, 'Juliane', 'Lauraine');

INSERT INTO USER (id, email)
VALUES (12, 'Caressa.Socha@gmail.com');

INSERT INTO USER_DATA (id,  id_user, name, lastname)
VALUES (12,12, 'Caressa', 'Socha');

INSERT INTO USER (id, email)
VALUES (13, 'Gilligan.Wenda@gmail.com');

INSERT INTO USER_DATA (id,  id_user, name, lastname)
VALUES (13,13, 'Gilligan', 'Wenda');

INSERT INTO USER (id, email)
VALUES (14, 'Gwenneth.Amasa@gmail.com');

INSERT INTO USER_DATA (id,  id_user, name, lastname)
VALUES (14,14, 'Gwenneth', 'Amasa');

INSERT INTO USER (id, email)
VALUES (15, 'Jan.Miru@gmail.com');

INSERT INTO USER_DATA (id,  id_user, name, lastname)
VALUES (15,15, 'Jan', 'Miru');

INSERT INTO USER (id, email)
VALUES (16, 'Carolina.Allys@gmail.com');

INSERT INTO USER_DATA (id,  id_user, name, lastname)
VALUES (16,16, 'Carolina', 'Allys');

INSERT INTO USER (id, email)
VALUES (17, 'Joceline.Loring@gmail.com');

INSERT INTO USER_DATA (id,  id_user, name, lastname)
VALUES (17,17, 'Joceline', 'Loring');

INSERT INTO USER (id, email)
VALUES (18, 'Taffy.Vins@gmail.com');

INSERT INTO USER_DATA (id,  id_user, name, lastname)
VALUES (18,18, 'Taffy', 'Vins');

INSERT INTO USER (id, email)
VALUES (19, 'Jacquetta.Edmund@gmail.com');

INSERT INTO USER_DATA (id,  id_user, name, lastname)
VALUES (19,19, 'Jacquetta', 'Edmund');

INSERT INTO USER (id, email)
VALUES (20, 'Maurene.Ruvolo@gmail.com');

INSERT INTO USER_DATA (id,  id_user, name, lastname)
VALUES (20,20, 'Maurene', 'Ruvolo');

INSERT INTO USER (id, email)
VALUES (21, 'Sadie.Turne@gmail.com');

INSERT INTO USER_DATA (id,  id_user, name, lastname)
VALUES (21,21, 'Sadie', 'Turne');

INSERT INTO USER (id, email)
VALUES (22, 'Renae.Shelba@gmail.com');

INSERT INTO USER_DATA (id,  id_user, name, lastname)
VALUES (22,22, 'Renae', 'Shelba');

INSERT INTO USER (id, email)
VALUES (23, 'Lacie.Kenwood@gmail.com');

INSERT INTO USER_DATA (id,  id_user, name, lastname)
VALUES (23,23, 'Lacie', 'Kenwood');

INSERT INTO USER (id, email)
VALUES (24, 'Phylis.Malanie@gmail.com');

INSERT INTO USER_DATA (id,  id_user, name, lastname)
VALUES (24,24, 'Phylis', 'Malanie');

INSERT INTO USER (id, email)
VALUES (25, 'Marylou.Elisha@gmail.com');

INSERT INTO USER_DATA (id,  id_user, name, lastname)
VALUES (25,25, 'Marylou', 'Elisha');

INSERT INTO USER (id, email)
VALUES (26, 'Sharai.Viddah@gmail.com');

INSERT INTO USER_DATA (id,  id_user, name, lastname)
VALUES (26,26, 'Sharai', 'Viddah');

INSERT INTO USER (id, email)
VALUES (27, 'Brianna.Colleen@gmail.com');

INSERT INTO USER_DATA (id,  id_user, name, lastname)
VALUES (27,27, 'Brianna', 'Colleen');

INSERT INTO USER (id, email)
VALUES (28, 'Anthia.Lia@gmail.com');

INSERT INTO USER_DATA (id,  id_user, name, lastname)
VALUES (28,28, 'Anthia', 'Lia');

INSERT INTO USER (id, email)
VALUES (29, 'Roslyn.Westphal@gmail.com');

INSERT INTO USER_DATA (id,  id_user, name, lastname)
VALUES (29,29, 'Roslyn', 'Westphal');

INSERT INTO USER (id, email)
VALUES (30, 'Catharine.Ax@gmail.com');

INSERT INTO USER_DATA (id,  id_user, name, lastname)
VALUES (30,30, 'Catharine', 'Ax');

INSERT INTO USER (id, email)
VALUES (31, 'Ezmeralda.Estella@gmail.com');

INSERT INTO USER_DATA (id,  id_user, name, lastname)
VALUES (31,31, 'Ezmeralda', 'Estella');

INSERT INTO USER (id, email)
VALUES (32, 'Rhoda.Phyllis@gmail.com');

INSERT INTO USER_DATA (id,  id_user, name, lastname)
VALUES (32,32, 'Rhoda', 'Phyllis');

INSERT INTO USER (id, email)
VALUES (33, 'Paulita.Pacorro@gmail.com');

INSERT INTO USER_DATA (id,  id_user, name, lastname)
VALUES (33,33, 'Paulita', 'Pacorro');

INSERT INTO USER (id, email)
VALUES (34, 'Millie.Daegal@gmail.com');

INSERT INTO USER_DATA (id,  id_user, name, lastname)
VALUES (34,34, 'Millie', 'Daegal');

INSERT INTO USER (id, email)
VALUES (35, 'Blondelle.Jaylene@gmail.com');

INSERT INTO USER_DATA (id,  id_user, name, lastname)
VALUES (35,35, 'Blondelle', 'Jaylene');

INSERT INTO USER (id, email)
VALUES (36, 'Agathe.Ardra@gmail.com');

INSERT INTO USER_DATA (id,  id_user, name, lastname)
VALUES (36,36, 'Agathe', 'Ardra');

INSERT INTO USER (id, email)
VALUES (37, 'Ekaterina.Ilka@gmail.com');

INSERT INTO USER_DATA (id,  id_user, name, lastname)
VALUES (37,37, 'Ekaterina', 'Ilka');

INSERT INTO USER (id, email)
VALUES (38, 'Peri.Eckblad@gmail.com');

INSERT INTO USER_DATA (id,  id_user, name, lastname)
VALUES (38,38, 'Peri', 'Eckblad');

INSERT INTO USER (id, email)
VALUES (39, 'Suzette.Schenck@gmail.com');

INSERT INTO USER_DATA (id,  id_user, name, lastname)
VALUES (39,39, 'Suzette', 'Schenck');

INSERT INTO USER (id, email)
VALUES (40, 'Carolina.Jenness@gmail.com');

INSERT INTO USER_DATA (id,  id_user, name, lastname)
VALUES (40,40, 'Carolina', 'Jenness');

INSERT INTO USER (id, email)
VALUES (41, 'Valeda.Phi@gmail.com');

INSERT INTO USER_DATA (id,  id_user, name, lastname)
VALUES (41,41, 'Valeda', 'Phi');

INSERT INTO USER (id, email)
VALUES (42, 'Dyann.Bollay@gmail.com');

INSERT INTO USER_DATA (id,  id_user, name, lastname)
VALUES (42,42, 'Dyann', 'Bollay');

INSERT INTO USER (id, email)
VALUES (43, 'Sherrie.Madaih@gmail.com');

INSERT INTO USER_DATA (id,  id_user, name, lastname)
VALUES (43,43, 'Sherrie', 'Madaih');

INSERT INTO USER (id, email)
VALUES (44, 'Adelle.Clie@gmail.com');

INSERT INTO USER_DATA (id,  id_user, name, lastname)
VALUES (44,44, 'Adelle', 'Clie');

INSERT INTO USER (id, email)
VALUES (45, 'Odessa.Brunell@gmail.com');

INSERT INTO USER_DATA (id,  id_user, name, lastname)
VALUES (45,45, 'Odessa', 'Brunell');

INSERT INTO USER (id, email)
VALUES (46, 'Dulcinea.Lanita@gmail.com');

INSERT INTO USER_DATA (id,  id_user, name, lastname)
VALUES (46,46, 'Dulcinea', 'Lanita');

INSERT INTO USER (id, email)
VALUES (47, 'Marita.Concha@gmail.com');

INSERT INTO USER_DATA (id,  id_user, name, lastname)
VALUES (47,47, 'Marita', 'Concha');

INSERT INTO USER (id, email)
VALUES (48, 'Jolyn.Obed@gmail.com');

INSERT INTO USER_DATA (id,  id_user, name, lastname)
VALUES (48,48, 'Jolyn', 'Obed');

INSERT INTO USER (id, email)
VALUES (49, 'Annora.Adamsen@gmail.com');

INSERT INTO USER_DATA (id,  id_user, name, lastname)
VALUES (49,49, 'Annora', 'Adamsen');

INSERT INTO USER (id, email)
VALUES (50, 'Karlee.Stav@gmail.com');

INSERT INTO USER_DATA (id,  id_user, name, lastname)
VALUES (50,50, 'Karlee', 'Stav');

INSERT INTO USER (id, email)
VALUES (51, 'Zaria.Turne@gmail.com');

INSERT INTO USER_DATA (id,  id_user, name, lastname)
VALUES (51,51, 'Zaria', 'Turne');

INSERT INTO USER (id, email)
VALUES (52, 'Kaia.Korey@gmail.com');

INSERT INTO USER_DATA (id,  id_user, name, lastname)
VALUES (52,52, 'Kaia', 'Korey');

INSERT INTO USER (id, email)
VALUES (53, 'Emmey.Sekofski@gmail.com');

INSERT INTO USER_DATA (id,  id_user, name, lastname)
VALUES (53,53, 'Emmey', 'Sekofski');

INSERT INTO USER (id, email)
VALUES (54, 'Imojean.Sadowski@gmail.com');

INSERT INTO USER_DATA (id,  id_user, name, lastname)
VALUES (54,54, 'Imojean', 'Sadowski');

INSERT INTO USER (id, email)
VALUES (55, 'Charissa.Brian@gmail.com');

INSERT INTO USER_DATA (id,  id_user, name, lastname)
VALUES (55,55, 'Charissa', 'Brian');

INSERT INTO USER (id, email)
VALUES (56, 'Brooks.Faro@gmail.com');

INSERT INTO USER_DATA (id,  id_user, name, lastname)
VALUES (56,56, 'Brooks', 'Faro');

INSERT INTO USER (id, email)
VALUES (57, 'Jere.Crudden@gmail.com');

INSERT INTO USER_DATA (id,  id_user, name, lastname)
VALUES (57,57, 'Jere', 'Crudden');

INSERT INTO USER (id, email)
VALUES (58, 'Ardys.Ashok@gmail.com');

INSERT INTO USER_DATA (id,  id_user, name, lastname)
VALUES (58,58, 'Ardys', 'Ashok');

INSERT INTO USER (id, email)
VALUES (59, 'Larine.Cosenza@gmail.com');

INSERT INTO USER_DATA (id,  id_user, name, lastname)
VALUES (59,59, 'Larine', 'Cosenza');

INSERT INTO USER (id, email)
VALUES (60, 'Deloria.Chesna@gmail.com');

INSERT INTO USER_DATA (id,  id_user, name, lastname)
VALUES (60,60, 'Deloria', 'Chesna');

INSERT INTO USER (id, email)
VALUES (61, 'Ericka.Durware@gmail.com');

INSERT INTO USER_DATA (id,  id_user, name, lastname)
VALUES (61,61, 'Ericka', 'Durware');

INSERT INTO USER (id, email)
VALUES (62, 'Willetta.Ariella@gmail.com');

INSERT INTO USER_DATA (id,  id_user, name, lastname)
VALUES (62,62, 'Willetta', 'Ariella');

INSERT INTO USER (id, email)
VALUES (63, 'Meghann.Anyah@gmail.com');

INSERT INTO USER_DATA (id,  id_user, name, lastname)
VALUES (63,63, 'Meghann', 'Anyah');

INSERT INTO USER (id, email)
VALUES (64, 'Christal.Isidore@gmail.com');

INSERT INTO USER_DATA (id,  id_user, name, lastname)
VALUES (64,64, 'Christal', 'Isidore');

INSERT INTO USER (id, email)
VALUES (65, 'Kerrin.Cadmar@gmail.com');

INSERT INTO USER_DATA (id,  id_user, name, lastname)
VALUES (65,65, 'Kerrin', 'Cadmar');

INSERT INTO USER (id, email)
VALUES (66, 'Hannis.Kravits@gmail.com');

INSERT INTO USER_DATA (id,  id_user, name, lastname)
VALUES (66,66, 'Hannis', 'Kravits');

INSERT INTO USER (id, email)
VALUES (67, 'Carol-Jean.Amand@gmail.com');

INSERT INTO USER_DATA (id,  id_user, name, lastname)
VALUES (67,67, 'Carol-Jean', 'Amand');

INSERT INTO USER (id, email)
VALUES (68, 'Gloria.Gaspard@gmail.com');

INSERT INTO USER_DATA (id,  id_user, name, lastname)
VALUES (68,68, 'Gloria', 'Gaspard');

INSERT INTO USER (id, email)
VALUES (69, 'Sarette.Felizio@gmail.com');

INSERT INTO USER_DATA (id,  id_user, name, lastname)
VALUES (69,69, 'Sarette', 'Felizio');

INSERT INTO USER (id, email)
VALUES (70, 'Gloria.Curren@gmail.com');

INSERT INTO USER_DATA (id,  id_user, name, lastname)
VALUES (70,70, 'Gloria', 'Curren');

INSERT INTO LOAN (id_user, total)
VALUES (61, 1846.0);

INSERT INTO LOAN (id_user, total)
VALUES (51, 6206.76);

INSERT INTO LOAN (id_user, total)
VALUES (10, 527.62);

INSERT INTO LOAN (id_user, total)
VALUES (51, 1111.49);

INSERT INTO LOAN (id_user, total)
VALUES (13, 3273.66);

INSERT INTO LOAN (id_user, total)
VALUES (45, 4325.58);

INSERT INTO LOAN (id_user, total)
VALUES (60, 7262.74);

INSERT INTO LOAN (id_user, total)
VALUES (19, 1769.34);

INSERT INTO LOAN (id_user, total)
VALUES (44, 1030.77);

INSERT INTO LOAN (id_user, total)
VALUES (37, 3396.53);

INSERT INTO LOAN (id_user, total)
VALUES (46, 3982.04);

INSERT INTO LOAN (id_user, total)
VALUES (13, 3249.36);

INSERT INTO LOAN (id_user, total)
VALUES (47, 4061.81);

INSERT INTO LOAN (id_user, total)
VALUES (35, 7099.39);

INSERT INTO LOAN (id_user, total)
VALUES (66, 1398.59);

INSERT INTO LOAN (id_user, total)
VALUES (7, 547.39);

INSERT INTO LOAN (id_user, total)
VALUES (13, 7845.43);

INSERT INTO LOAN (id_user, total)
VALUES (26, 6825.83);

INSERT INTO LOAN (id_user, total)
VALUES (56, 7463.68);

INSERT INTO LOAN (id_user, total)
VALUES (55, 1045.17);

INSERT INTO LOAN (id_user, total)
VALUES (15, 4598.57);

INSERT INTO LOAN (id_user, total)
VALUES (29, 7169.78);

INSERT INTO LOAN (id_user, total)
VALUES (32, 7952.38);

INSERT INTO LOAN (id_user, total)
VALUES (53, 824.5);

INSERT INTO LOAN (id_user, total)
VALUES (43, 1415.83);

INSERT INTO LOAN (id_user, total)
VALUES (8, 4371.55);

INSERT INTO LOAN (id_user, total)
VALUES (47, 2288.68);

INSERT INTO LOAN (id_user, total)
VALUES (22, 5826.08);

INSERT INTO LOAN (id_user, total)
VALUES (29, 4652.86);

INSERT INTO LOAN (id_user, total)
VALUES (17, 5734.28);

INSERT INTO LOAN (id_user, total)
VALUES (25, 7686.27);

INSERT INTO LOAN (id_user, total)
VALUES (15, 6120.48);

INSERT INTO LOAN (id_user, total)
VALUES (47, 3735.43);

INSERT INTO LOAN (id_user, total)
VALUES (16, 7446.83);

INSERT INTO LOAN (id_user, total)
VALUES (20, 5673.75);

INSERT INTO LOAN (id_user, total)
VALUES (52, 2453.9);

INSERT INTO LOAN (id_user, total)
VALUES (36, 6018.45);

INSERT INTO LOAN (id_user, total)
VALUES (8, 4511.03);

INSERT INTO LOAN (id_user, total)
VALUES (65, 4194.29);

INSERT INTO LOAN (id_user, total)
VALUES (17, 2311.89);

INSERT INTO LOAN (id_user, total)
VALUES (62, 2836.46);

INSERT INTO LOAN (id_user, total)
VALUES (60, 7340.19);

INSERT INTO LOAN (id_user, total)
VALUES (27, 5769.12);

INSERT INTO LOAN (id_user, total)
VALUES (52, 4140.29);

INSERT INTO LOAN (id_user, total)
VALUES (34, 3538.38);

INSERT INTO LOAN (id_user, total)
VALUES (6, 3246.76);

INSERT INTO LOAN (id_user, total)
VALUES (70, 950.53);

INSERT INTO LOAN (id_user, total)
VALUES (24, 6409.4);

INSERT INTO LOAN (id_user, total)
VALUES (27, 2414.29);

INSERT INTO LOAN (id_user, total)
VALUES (32, 3341.18);

INSERT INTO LOAN (id_user, total)
VALUES (24, 4774.0);

INSERT INTO LOAN (id_user, total)
VALUES (69, 5529.02);

INSERT INTO LOAN (id_user, total)
VALUES (15, 1506.83);

INSERT INTO LOAN (id_user, total)
VALUES (10, 3110.8);

INSERT INTO LOAN (id_user, total)
VALUES (57, 2626.65);

INSERT INTO LOAN (id_user, total)
VALUES (55, 734.93);

INSERT INTO LOAN (id_user, total)
VALUES (54, 7477.24);

INSERT INTO LOAN (id_user, total)
VALUES (26, 2450.99);

INSERT INTO LOAN (id_user, total)
VALUES (43, 3475.82);

INSERT INTO LOAN (id_user, total)
VALUES (42, 6447.24);

INSERT INTO LOAN (id_user, total)
VALUES (32, 6075.4);

INSERT INTO LOAN (id_user, total)
VALUES (11, 6354.0);

INSERT INTO LOAN (id_user, total)
VALUES (41, 2983.52);

INSERT INTO LOAN (id_user, total)
VALUES (27, 7505.17);

INSERT INTO LOAN (id_user, total)
VALUES (31, 5188.77);

INSERT INTO LOAN (id_user, total)
VALUES (13, 1422.46);

INSERT INTO LOAN (id_user, total)
VALUES (24, 1797.32);

INSERT INTO LOAN (id_user, total)
VALUES (5, 5947.56);

INSERT INTO LOAN (id_user, total)
VALUES (20, 5907.44);

INSERT INTO LOAN (id_user, total)
VALUES (41, 5478.86);

INSERT INTO LOAN (id_user, total)
VALUES (41, 3613.35);

INSERT INTO LOAN (id_user, total)
VALUES (12, 5328.85);

INSERT INTO LOAN (id_user, total)
VALUES (51, 2010.63);

INSERT INTO LOAN (id_user, total)
VALUES (18, 2721.61);

INSERT INTO LOAN (id_user, total)
VALUES (60, 965.37);

INSERT INTO LOAN (id_user, total)
VALUES (22, 5348.98);

INSERT INTO LOAN (id_user, total)
VALUES (47, 6811.94);

INSERT INTO LOAN (id_user, total)
VALUES (21, 535.4);

INSERT INTO LOAN (id_user, total)
VALUES (50, 4859.92);

INSERT INTO LOAN (id_user, total)
VALUES (54, 2866.53);

INSERT INTO LOAN (id_user, total)
VALUES (39, 896.92);

INSERT INTO LOAN (id_user, total)
VALUES (43, 4112.45);

INSERT INTO LOAN (id_user, total)
VALUES (33, 3155.66);

INSERT INTO LOAN (id_user, total)
VALUES (47, 6762.74);

INSERT INTO LOAN (id_user, total)
VALUES (59, 799.36);

INSERT INTO LOAN (id_user, total)
VALUES (63, 7129.21);

INSERT INTO LOAN (id_user, total)
VALUES (25, 1094.93);

INSERT INTO LOAN (id_user, total)
VALUES (25, 2366.72);

INSERT INTO LOAN (id_user, total)
VALUES (63, 790.05);

INSERT INTO LOAN (id_user, total)
VALUES (59, 7534.99);

INSERT INTO LOAN (id_user, total)
VALUES (10, 1434.89);

INSERT INTO LOAN (id_user, total)
VALUES (68, 7021.78);

INSERT INTO LOAN (id_user, total)
VALUES (25, 6512.3);

INSERT INTO LOAN (id_user, total)
VALUES (47, 7207.26);

INSERT INTO LOAN (id_user, total)
VALUES (13, 1098.22);

INSERT INTO LOAN (id_user, total)
VALUES (42, 7710.4);

INSERT INTO LOAN (id_user, total)
VALUES (52, 1282.73);

INSERT INTO LOAN (id_user, total)
VALUES (13, 6730.63);

INSERT INTO LOAN (id_user, total)
VALUES (37, 2942.17);

INSERT INTO LOAN (id_user, total)
VALUES (42, 5905.37);

INSERT INTO LOAN (id_user, total)
VALUES (17, 3939.56);

INSERT INTO LOAN (id_user, total)
VALUES (28, 5297.21);

INSERT INTO LOAN (id_user, total)
VALUES (23, 7036.31);

INSERT INTO LOAN (id_user, total)
VALUES (34, 632.82);

INSERT INTO LOAN (id_user, total)
VALUES (32, 5707.26);

INSERT INTO LOAN (id_user, total)
VALUES (41, 2477.11);

INSERT INTO LOAN (id_user, total)
VALUES (25, 1780.42);

INSERT INTO LOAN (id_user, total)
VALUES (28, 4480.73);

INSERT INTO LOAN (id_user, total)
VALUES (12, 1433.09);

INSERT INTO LOAN (id_user, total)
VALUES (18, 1253.96);

INSERT INTO LOAN (id_user, total)
VALUES (39, 805.03);

INSERT INTO LOAN (id_user, total)
VALUES (13, 5266.38);

INSERT INTO LOAN (id_user, total)
VALUES (32, 6941.89);

INSERT INTO LOAN (id_user, total)
VALUES (23, 6444.2);

INSERT INTO LOAN (id_user, total)
VALUES (56, 5548.23);

INSERT INTO LOAN (id_user, total)
VALUES (46, 776.0);

INSERT INTO LOAN (id_user, total)
VALUES (48, 7613.62);

INSERT INTO LOAN (id_user, total)
VALUES (59, 4177.91);

INSERT INTO LOAN (id_user, total)
VALUES (37, 1494.6);

INSERT INTO LOAN (id_user, total)
VALUES (56, 4519.62);

INSERT INTO LOAN (id_user, total)
VALUES (16, 1977.15);

INSERT INTO LOAN (id_user, total)
VALUES (6, 3486.15);

INSERT INTO LOAN (id_user, total)
VALUES (35, 1025.01);

INSERT INTO LOAN (id_user, total)
VALUES (15, 2355.58);

INSERT INTO LOAN (id_user, total)
VALUES (56, 1659.85);

INSERT INTO LOAN (id_user, total)
VALUES (34, 6481.69);

INSERT INTO LOAN (id_user, total)
VALUES (19, 7083.15);

INSERT INTO LOAN (id_user, total)
VALUES (50, 1002.19);

INSERT INTO LOAN (id_user, total)
VALUES (42, 5219.21);

INSERT INTO LOAN (id_user, total)
VALUES (39, 4555.89);

INSERT INTO LOAN (id_user, total)
VALUES (22, 3718.83);

INSERT INTO LOAN (id_user, total)
VALUES (56, 3249.84);

INSERT INTO LOAN (id_user, total)
VALUES (22, 1125.24);

INSERT INTO LOAN (id_user, total)
VALUES (8, 2043.38);

INSERT INTO LOAN (id_user, total)
VALUES (37, 5268.86);

INSERT INTO LOAN (id_user, total)
VALUES (28, 5175.49);

INSERT INTO LOAN (id_user, total)
VALUES (33, 7288.49);

INSERT INTO LOAN (id_user, total)
VALUES (1, 7523.06);

INSERT INTO LOAN (id_user, total)
VALUES (44, 6487.27);

INSERT INTO LOAN (id_user, total)
VALUES (25, 1434.07);

INSERT INTO LOAN (id_user, total)
VALUES (11, 4445.32);

INSERT INTO LOAN (id_user, total)
VALUES (49, 5352.34);

INSERT INTO LOAN (id_user, total)
VALUES (68, 6815.27);

INSERT INTO LOAN (id_user, total)
VALUES (37, 2715.22);

INSERT INTO LOAN (id_user, total)
VALUES (52, 7343.48);

INSERT INTO LOAN (id_user, total)
VALUES (5, 3434.83);

INSERT INTO LOAN (id_user, total)
VALUES (27, 2841.64);

INSERT INTO LOAN (id_user, total)
VALUES (13, 2877.03);

INSERT INTO LOAN (id_user, total)
VALUES (5, 5082.5);

INSERT INTO LOAN (id_user, total)
VALUES (12, 3947.02);

INSERT INTO LOAN (id_user, total)
VALUES (1, 7418.56);

INSERT INTO LOAN (id_user, total)
VALUES (1, 3314.08);

INSERT INTO LOAN (id_user, total)
VALUES (48, 2130.22);

INSERT INTO LOAN (id_user, total)
VALUES (30, 3620.62);

INSERT INTO LOAN (id_user, total)
VALUES (63, 3980.02);

INSERT INTO LOAN (id_user, total)
VALUES (16, 5405.52);

INSERT INTO LOAN (id_user, total)
VALUES (17, 5228.78);

INSERT INTO LOAN (id_user, total)
VALUES (7, 7736.91);

INSERT INTO LOAN (id_user, total)
VALUES (65, 2588.84);

INSERT INTO LOAN (id_user, total)
VALUES (36, 1593.73);

INSERT INTO LOAN (id_user, total)
VALUES (64, 2816.56);

INSERT INTO LOAN (id_user, total)
VALUES (48, 3812.42);

INSERT INTO LOAN (id_user, total)
VALUES (44, 3122.65);

INSERT INTO LOAN (id_user, total)
VALUES (69, 4093.63);

INSERT INTO LOAN (id_user, total)
VALUES (48, 3599.71);

INSERT INTO LOAN (id_user, total)
VALUES (55, 2120.72);

INSERT INTO LOAN (id_user, total)
VALUES (11, 6703.84);

INSERT INTO LOAN (id_user, total)
VALUES (68, 2547.8);

INSERT INTO LOAN (id_user, total)
VALUES (18, 1136.36);

INSERT INTO LOAN (id_user, total)
VALUES (49, 4992.26);

INSERT INTO LOAN (id_user, total)
VALUES (23, 3339.29);

INSERT INTO LOAN (id_user, total)
VALUES (11, 5454.98);

INSERT INTO LOAN (id_user, total)
VALUES (42, 5267.37);

INSERT INTO LOAN (id_user, total)
VALUES (45, 4390.85);

INSERT INTO LOAN (id_user, total)
VALUES (44, 5494.1);

INSERT INTO LOAN (id_user, total)
VALUES (63, 6185.8);

INSERT INTO LOAN (id_user, total)
VALUES (3, 1256.68);

INSERT INTO LOAN (id_user, total)
VALUES (70, 5603.82);

INSERT INTO LOAN (id_user, total)
VALUES (64, 4464.1);

INSERT INTO LOAN (id_user, total)
VALUES (55, 6793.02);

INSERT INTO LOAN (id_user, total)
VALUES (26, 4577.4);

INSERT INTO LOAN (id_user, total)
VALUES (43, 4772.97);

INSERT INTO LOAN (id_user, total)
VALUES (24, 5367.82);

INSERT INTO LOAN (id_user, total)
VALUES (54, 3255.7);

INSERT INTO LOAN (id_user, total)
VALUES (63, 2534.23);

INSERT INTO LOAN (id_user, total)
VALUES (53, 2550.34);

INSERT INTO LOAN (id_user, total)
VALUES (49, 6481.0);

INSERT INTO LOAN (id_user, total)
VALUES (12, 4789.42);

INSERT INTO LOAN (id_user, total)
VALUES (24, 1182.05);

INSERT INTO LOAN (id_user, total)
VALUES (17, 5379.22);

INSERT INTO LOAN (id_user, total)
VALUES (18, 4404.15);

INSERT INTO LOAN (id_user, total)
VALUES (54, 7799.17);

INSERT INTO LOAN (id_user, total)
VALUES (36, 2941.89);

INSERT INTO LOAN (id_user, total)
VALUES (10, 5181.51);

INSERT INTO LOAN (id_user, total)
VALUES (11, 6005.75);

INSERT INTO LOAN (id_user, total)
VALUES (64, 6820.36);

INSERT INTO LOAN (id_user, total)
VALUES (44, 6048.5);

INSERT INTO LOAN (id_user, total)
VALUES (19, 4214.67);

INSERT INTO LOAN (id_user, total)
VALUES (17, 3087.42);

INSERT INTO LOAN (id_user, total)
VALUES (3, 7885.48);

INSERT INTO LOAN (id_user, total)
VALUES (62, 686.9);

INSERT INTO LOAN (id_user, total)
VALUES (16, 6611.12);

INSERT INTO LOAN (id_user, total)
VALUES (31, 967.82);

INSERT INTO LOAN (id_user, total)
VALUES (55, 3121.42);

INSERT INTO LOAN (id_user, total)
VALUES (53, 3538.19);

INSERT INTO LOAN (id_user, total)
VALUES (57, 1304.55);

INSERT INTO LOAN (id_user, total)
VALUES (13, 1933.6);

INSERT INTO LOAN (id_user, total)
VALUES (39, 2572.45);

INSERT INTO LOAN (id_user, total)
VALUES (17, 3839.37);

INSERT INTO LOAN (id_user, total)
VALUES (42, 3401.78);

INSERT INTO LOAN (id_user, total)
VALUES (18, 4149.55);

INSERT INTO LOAN (id_user, total)
VALUES (42, 5690.72);

INSERT INTO LOAN (id_user, total)
VALUES (41, 5769.48);

INSERT INTO LOAN (id_user, total)
VALUES (61, 4606.93);

INSERT INTO LOAN (id_user, total)
VALUES (38, 2836.22);

INSERT INTO LOAN (id_user, total)
VALUES (15, 1996.89);

INSERT INTO LOAN (id_user, total)
VALUES (53, 3979.87);

INSERT INTO LOAN (id_user, total)
VALUES (2, 4451.24);

INSERT INTO LOAN (id_user, total)
VALUES (67, 3710.03);

INSERT INTO LOAN (id_user, total)
VALUES (4, 5948.21);

INSERT INTO LOAN (id_user, total)
VALUES (27, 1535.09);

INSERT INTO LOAN (id_user, total)
VALUES (7, 3075.29);

INSERT INTO LOAN (id_user, total)
VALUES (18, 3311.55);

INSERT INTO LOAN (id_user, total)
VALUES (31, 7836.37);

INSERT INTO LOAN (id_user, total)
VALUES (15, 7137.87);

INSERT INTO LOAN (id_user, total)
VALUES (10, 3715.05);

INSERT INTO LOAN (id_user, total)
VALUES (51, 7457.99);

INSERT INTO LOAN (id_user, total)
VALUES (6, 4001.81);

INSERT INTO LOAN (id_user, total)
VALUES (19, 2101.08);

INSERT INTO LOAN (id_user, total)
VALUES (59, 2736.65);

INSERT INTO LOAN (id_user, total)
VALUES (27, 6410.02);

INSERT INTO LOAN (id_user, total)
VALUES (12, 7459.24);

INSERT INTO LOAN (id_user, total)
VALUES (59, 2939.67);

INSERT INTO LOAN (id_user, total)
VALUES (65, 5593.58);

INSERT INTO LOAN (id_user, total)
VALUES (46, 1663.13);

INSERT INTO LOAN (id_user, total)
VALUES (16, 1037.65);

INSERT INTO LOAN (id_user, total)
VALUES (65, 1137.07);

INSERT INTO LOAN (id_user, total)
VALUES (9, 6799.59);

INSERT INTO LOAN (id_user, total)
VALUES (51, 3695.58);

INSERT INTO LOAN (id_user, total)
VALUES (19, 4324.44);

INSERT INTO LOAN (id_user, total)
VALUES (4, 2693.26);

INSERT INTO LOAN (id_user, total)
VALUES (34, 4743.66);

INSERT INTO LOAN (id_user, total)
VALUES (48, 4981.88);

INSERT INTO LOAN (id_user, total)
VALUES (63, 4225.14);

INSERT INTO LOAN (id_user, total)
VALUES (32, 3359.33);

INSERT INTO LOAN (id_user, total)
VALUES (26, 7305.75);

INSERT INTO LOAN (id_user, total)
VALUES (19, 5801.58);

INSERT INTO LOAN (id_user, total)
VALUES (48, 4846.86);

INSERT INTO LOAN (id_user, total)
VALUES (36, 3184.28);

INSERT INTO LOAN (id_user, total)
VALUES (25, 3764.62);

INSERT INTO LOAN (id_user, total)
VALUES (21, 5915.53);

INSERT INTO LOAN (id_user, total)
VALUES (34, 1287.68);

INSERT INTO LOAN (id_user, total)
VALUES (54, 6747.0);

INSERT INTO LOAN (id_user, total)
VALUES (4, 5917.57);

INSERT INTO LOAN (id_user, total)
VALUES (54, 6201.66);

INSERT INTO LOAN (id_user, total)
VALUES (50, 5895.01);

INSERT INTO LOAN (id_user, total)
VALUES (35, 735.33);

INSERT INTO LOAN (id_user, total)
VALUES (58, 7729.17);

INSERT INTO LOAN (id_user, total)
VALUES (30, 3707.36);

INSERT INTO LOAN (id_user, total)
VALUES (17, 3407.38);

INSERT INTO LOAN (id_user, total)
VALUES (57, 1366.76);

INSERT INTO LOAN (id_user, total)
VALUES (47, 2233.34);

INSERT INTO LOAN (id_user, total)
VALUES (44, 6153.26);

INSERT INTO LOAN (id_user, total)
VALUES (46, 7838.34);

INSERT INTO LOAN (id_user, total)
VALUES (15, 4655.27);

INSERT INTO LOAN (id_user, total)
VALUES (7, 7749.43);

INSERT INTO LOAN (id_user, total)
VALUES (20, 7589.96);

INSERT INTO LOAN (id_user, total)
VALUES (4, 1960.49);

INSERT INTO LOAN (id_user, total)
VALUES (2, 2384.76);

INSERT INTO LOAN (id_user, total)
VALUES (60, 1507.07);

INSERT INTO LOAN (id_user, total)
VALUES (59, 3539.63);

INSERT INTO LOAN (id_user, total)
VALUES (47, 7067.76);

INSERT INTO LOAN (id_user, total)
VALUES (39, 2019.28);

INSERT INTO LOAN (id_user, total)
VALUES (45, 6415.43);

INSERT INTO LOAN (id_user, total)
VALUES (20, 4052.86);

INSERT INTO LOAN (id_user, total)
VALUES (37, 5094.63);

INSERT INTO LOAN (id_user, total)
VALUES (33, 7241.75);

INSERT INTO LOAN (id_user, total)
VALUES (65, 6539.79);

INSERT INTO LOAN (id_user, total)
VALUES (41, 4140.63);

INSERT INTO LOAN (id_user, total)
VALUES (64, 4271.23);

INSERT INTO LOAN (id_user, total)
VALUES (15, 4649.52);

INSERT INTO LOAN (id_user, total)
VALUES (21, 3783.61);

INSERT INTO LOAN (id_user, total)
VALUES (56, 7616.4);

INSERT INTO LOAN (id_user, total)
VALUES (2, 5408.3);

INSERT INTO LOAN (id_user, total)
VALUES (44, 1349.18);

INSERT INTO LOAN (id_user, total)
VALUES (11, 3105.65);

INSERT INTO LOAN (id_user, total)
VALUES (60, 6799.03);

INSERT INTO LOAN (id_user, total)
VALUES (68, 6384.97);

INSERT INTO LOAN (id_user, total)
VALUES (37, 7217.29);

INSERT INTO LOAN (id_user, total)
VALUES (41, 3680.12);

INSERT INTO LOAN (id_user, total)
VALUES (59, 4889.72);

INSERT INTO LOAN (id_user, total)
VALUES (62, 7993.31);

INSERT INTO LOAN (id_user, total)
VALUES (62, 2816.59);

INSERT INTO LOAN (id_user, total)
VALUES (41, 1016.19);

INSERT INTO LOAN (id_user, total)
VALUES (14, 2289.33);

INSERT INTO LOAN (id_user, total)
VALUES (57, 2168.1);

INSERT INTO LOAN (id_user, total)
VALUES (17, 2104.73);

INSERT INTO LOAN (id_user, total)
VALUES (23, 2520.57);

INSERT INTO LOAN (id_user, total)
VALUES (13, 3205.45);

INSERT INTO LOAN (id_user, total)
VALUES (51, 6950.96);